{"cameraMode":{"drawMode":0,"name":"Shaded","section":"Shading Mode"},"sceneLighting":true,"audioPlay":false,"sceneViewState":{"m_AlwaysRefresh":false,"showFog":true,"showSkybox":true,"showFlares":true,"showImageEffects":true,"showParticleSystems":true,"showVisualEffectGraphs":true,"m_FxEnabled":true},"in2DMode":false,"pivot":{"x":2.0064878463745119,"y":0.9873579740524292,"z":0.07519516348838806},"rotation":{"x":-0.01789792813360691,"y":0.9820770621299744,"z":-0.12689310312271119,"w":-0.13839231431484223},"size":3.3121020793914797,"orthographic":false}