{"cameraMode":{"drawMode":0,"name":"Shaded","section":"Shading Mode"},"sceneLighting":true,"audioPlay":false,"sceneViewState":{"m_AlwaysRefresh":false,"showFog":true,"showSkybox":true,"showFlares":true,"showImageEffects":true,"showParticleSystems":true,"showVisualEffectGraphs":true,"m_FxEnabled":true},"in2DMode":false,"pivot":{"x":1.6286513805389405,"y":-7.542612075805664,"z":-14.055473327636719},"rotation":{"x":-0.02565670572221279,"y":-0.9613506197929382,"z":0.25676992535591128,"w":-0.09607163071632385},"size":10.923296928405762,"orthographic":false}