{"cameraMode":{"drawMode":0,"name":"Shaded","section":"Shading Mode"},"sceneLighting":true,"audioPlay":false,"sceneViewState":{"m_AlwaysRefresh":false,"showFog":true,"showSkybox":true,"showFlares":true,"showImageEffects":true,"showParticleSystems":true,"showVisualEffectGraphs":true,"m_FxEnabled":false},"in2DMode":false,"pivot":{"x":-26.933517456054689,"y":19.876052856445314,"z":-4.056262969970703},"rotation":{"x":0.09909871965646744,"y":-0.8822397589683533,"z":0.4070824980735779,"w":0.21476998925209046},"size":21.328378677368165,"orthographic":false}