{"cameraMode":{"drawMode":0,"name":"Shaded","section":"Shading Mode"},"sceneLighting":true,"audioPlay":false,"sceneViewState":{"m_AlwaysRefresh":false,"showFog":true,"showSkybox":true,"showFlares":true,"showImageEffects":true,"showParticleSystems":true,"showVisualEffectGraphs":true,"m_FxEnabled":false},"in2DMode":false,"pivot":{"x":0.28000006079673769,"y":2.552000045776367,"z":0.3600000739097595},"rotation":{"x":0.033948447555303577,"y":0.8634392023086548,"z":-0.05863990634679794,"w":0.49989229440689089},"size":1.4173014163970948,"orthographic":false}