{"cameraMode":{"drawMode":0,"name":"Shaded","section":"Shading Mode"},"sceneLighting":true,"audioPlay":false,"sceneViewState":{"m_AlwaysRefresh":false,"showFog":true,"showSkybox":true,"showFlares":true,"showImageEffects":true,"showParticleSystems":true,"showVisualEffectGraphs":true,"m_FxEnabled":false},"in2DMode":false,"pivot":{"x":-0.04014444351196289,"y":1.7023539543151856,"z":0.5933640003204346},"rotation":{"x":-0.1513000726699829,"y":0.8483594059944153,"z":-0.3715607821941376,"w":-0.3454531133174896},"size":2.0116970539093019,"orthographic":false}