{"cameraMode":{"drawMode":0,"name":"Shaded","section":"Shading Mode"},"sceneLighting":true,"audioPlay":false,"sceneViewState":{"m_AlwaysRefresh":false,"showFog":true,"showSkybox":true,"showFlares":true,"showImageEffects":true,"showParticleSystems":true,"showVisualEffectGraphs":true,"m_FxEnabled":true},"in2DMode":false,"pivot":{"x":0.6399999856948853,"y":1.380000114440918,"z":0.40000003576278689},"rotation":{"x":-0.04974951595067978,"y":0.9201529026031494,"z":-0.367944598197937,"w":-0.1244063451886177},"size":1.1853269338607789,"orthographic":true}