{"cameraMode":{"drawMode":0,"name":"Shaded","section":"Shading Mode"},"sceneLighting":true,"audioPlay":false,"sceneViewState":{"m_AlwaysRefresh":false,"showFog":true,"showSkybox":true,"showFlares":true,"showImageEffects":true,"showParticleSystems":true,"showVisualEffectGraphs":true,"m_FxEnabled":false},"in2DMode":false,"pivot":{"x":-62.599998474121097,"y":1.3499999046325684,"z":-97.69999694824219},"rotation":{"x":-0.27603572607040408,"y":-0.7228821516036987,"z":0.47083789110183718,"w":-0.42380788922309878},"size":3.2561655044555666,"orthographic":true}