{"cameraMode":{"drawMode":0,"name":"Shaded","section":"Shading Mode"},"sceneLighting":true,"audioPlay":false,"sceneViewState":{"m_AlwaysRefresh":false,"showFog":true,"showSkybox":true,"showFlares":true,"showImageEffects":true,"showParticleSystems":true,"showVisualEffectGraphs":true,"m_FxEnabled":false},"in2DMode":false,"pivot":{"x":-49.810001373291019,"y":1.3499999046325684,"z":-23.020000457763673},"rotation":{"x":0.25002768635749819,"y":-0.6834272146224976,"z":0.2712368667125702,"w":0.6299927234649658},"size":5.3853278160095219,"orthographic":false}